Timestamp,Email Address,Score,Name,PRN,Roll Number,"Attended the Components(CCA,LCA)",CCA-1 (10 marks),CCA-2 (5 marks),CCA-3  (Mid term-15 marks),LCA 1 (PRACTICAL PERFORMANCE),LCA-2 (Active Learning/ Project),LCA-3 (End term practical/oral),CO1 ( Analyze and apply different data preparation techniques for Machine Learning applications ),"CO2 ( Identify, Analyze and compare appropriate supervised learning algorithm for given problem )","CO3 (Identify, Analyze and Compare Unsupervised and semi supervised algorithms )",CO4(Design and implement Machine Learning techniques for real-time applications ),Panel,Overall Score
03/24/2025 17:03:00,sai.verma@example.com,54.89,Sai Verma,1032233875,78,Present,7,4,11,8,10,9,1,1,1,1,J,9.6
03/24/2025 17:03:00,arnav.patel@example.com,50.95,Arnav Patel,1032233289,30,Absent,7,4,10,8,8,7,1,1,1,1,E,8.600000000000001
03/24/2025 17:03:00,gauri.kumar@example.com,55.26,Gauri Kumar,1032233945,22,Present,7,4,13,9,7,8,1,1,1,1,K,9.7
03/24/2025 17:03:00,diya.singh@example.com,75.38,Diya Singh,1032233345,26,Present,8,5,15,8,7,7,1,1,1,1,K,10.25
03/24/2025 17:03:00,tara.kumar@example.com,50.77,Tara Kumar,1032233836,97,Present,7,4,15,9,7,10,1,1,1,1,J,10.700000000000001
03/24/2025 17:03:00,soham.singh@example.com,84.3,Soham Singh,1032233525,96,Present,8,4,14,9,8,8,1,1,1,1,K,10.35
03/24/2025 17:03:00,aman.reddy@example.com,57.34,Aman Reddy,1032233201,25,Present,9,5,14,10,10,8,1,1,1,1,J,11.1
03/24/2025 17:03:00,rohan.verma@example.com,50.56,Rohan Verma,1032233608,5,Present,8,4,14,7,9,10,1,1,1,1,K,10.6
03/24/2025 17:03:00,tanish.reddy@example.com,86.01,Tanish Reddy,1032233447,16,Absent,9,3,10,7,10,9,1,1,1,1,J,9.45
03/24/2025 17:03:00,kunal.sharma@example.com,88.68,Kunal Sharma,1032233446,10,Present,10,3,15,7,9,10,1,1,1,1,J,11.2
03/24/2025 17:03:00,aadhya.patel@example.com,57.02,Aadhya Patel,1032233569,77,Present,7,5,12,7,10,9,1,1,1,1,J,9.850000000000001
03/24/2025 17:03:00,raj.reddy@example.com,72.85,Raj Reddy,1032233619,85,Absent,9,3,10,10,7,7,1,1,1,1,J,9.049999999999999
03/24/2025 17:03:00,anika.reddy@example.com,85.42,Anika Reddy,1032233873,42,Present,10,4,13,9,7,10,1,1,1,1,J,10.7
03/24/2025 17:03:00,neha.sharma@example.com,83.07,Neha Sharma,1032233259,17,Absent,7,4,12,7,9,9,1,1,1,1,K,9.6
03/24/2025 17:03:00,kunal.sharma@example.com,75.07,Kunal Sharma,1032233959,68,Present,8,3,10,9,7,8,1,1,1,1,K,8.9
03/24/2025 17:03:00,sneha.kumar@example.com,74.08,Sneha Kumar,1032233717,97,Absent,10,3,14,7,10,7,1,1,1,1,E,10.450000000000001
03/24/2025 17:03:00,sakshi.sharma@example.com,98.85,Sakshi Sharma,1032233432,57,Present,8,4,15,9,10,7,1,1,1,1,L,10.75
03/24/2025 17:03:00,soham.singh@example.com,84.14,Soham Singh,1032233234,9,Absent,10,4,14,7,9,10,1,1,1,1,K,11.0
03/24/2025 17:03:00,vikram.kumar@example.com,95.41,Vikram Kumar,1032233311,51,Absent,10,3,10,9,9,10,1,1,1,1,L,10.0
03/24/2025 17:03:00,devansh.sharma@example.com,88.36,Devansh Sharma,1032233791,23,Absent,9,5,11,9,8,10,1,1,1,1,J,10.149999999999999
03/24/2025 17:03:00,lakshay.kumar@example.com,74.48,Lakshay Kumar,1032233847,7,Absent,8,3,14,10,10,7,1,1,1,1,K,10.500000000000002
03/24/2025 17:03:00,tanish.verma@example.com,64.8,Tanish Verma,1032233519,4,Present,9,5,13,8,9,9,1,1,1,1,K,10.55
03/24/2025 17:03:00,vihaan.kumar@example.com,95.88,Vihaan Kumar,1032233460,48,Absent,9,5,13,9,7,10,1,1,1,1,L,10.6
03/24/2025 17:03:00,aarav.patel@example.com,78.9,Aarav Patel,1032233754,17,Present,10,4,13,7,7,10,1,1,1,1,L,10.4
03/24/2025 17:03:00,sakshi.kumar@example.com,56.73,Sakshi Kumar,1032233921,16,Absent,8,4,12,8,9,8,1,1,1,1,J,9.75
03/24/2025 17:03:00,nikhil.singh@example.com,99.0,Nikhil Singh,1032233188,67,Absent,9,4,15,8,10,7,1,1,1,1,K,10.8
03/24/2025 17:03:00,rahul.sharma@example.com,56.69,Rahul Sharma,1032233984,98,Present,7,3,15,7,8,8,1,1,1,1,L,10.049999999999999
03/24/2025 17:03:00,rakesh.singh@example.com,63.67,Rakesh Singh,1032233147,22,Absent,10,5,10,7,9,9,1,1,1,1,L,9.7
03/24/2025 17:03:00,aarav.verma@example.com,71.6,Aarav Verma,1032233340,90,Present,7,5,14,8,9,8,1,1,1,1,E,10.25
03/24/2025 17:03:00,anaya.reddy@example.com,50.59,Anaya Reddy,1032233235,7,Absent,8,4,10,9,10,8,1,1,1,1,K,9.45
03/24/2025 17:03:00,aadhya.singh@example.com,71.98,Aadhya Singh,1032233241,51,Absent,7,3,11,8,8,7,1,1,1,1,L,8.8
03/24/2025 17:03:00,aditya.singh@example.com,66.04,Aditya Singh,1032233149,8,Present,9,5,15,10,9,9,1,1,1,1,K,11.450000000000001
03/24/2025 17:03:00,meera.singh@example.com,82.58,Meera Singh,1032233831,87,Absent,10,3,15,9,9,9,1,1,1,1,K,11.3
03/24/2025 17:03:00,kunal.singh@example.com,52.1,Kunal Singh,1032233542,43,Present,9,4,14,10,9,8,1,1,1,1,J,10.85
03/24/2025 17:03:00,tara.patel@example.com,74.03,Tara Patel,1032233216,16,Present,9,3,10,8,10,8,1,1,1,1,E,9.4
03/24/2025 17:03:00,siddharth.kumar@example.com,51.45,Siddharth Kumar,1032233748,63,Absent,7,3,14,7,9,9,1,1,1,1,L,10.100000000000001
03/24/2025 17:03:00,soham.verma@example.com,99.4,Soham Verma,1032233282,43,Present,9,4,10,8,10,10,1,1,1,1,J,9.9
03/24/2025 17:03:00,yash.reddy@example.com,55.89,Yash Reddy,1032233470,10,Present,10,5,14,9,8,10,1,1,1,1,E,11.25
03/24/2025 17:03:00,arnav.reddy@example.com,55.32,Arnav Reddy,1032233471,56,Present,8,4,14,10,8,8,1,1,1,1,E,10.5
03/24/2025 17:03:00,rohan.patel@example.com,81.61,Rohan Patel,1032233435,33,Absent,8,5,15,7,7,8,1,1,1,1,E,10.299999999999999
03/24/2025 17:03:00,devansh.sharma@example.com,65.69,Devansh Sharma,1032233326,97,Absent,10,4,10,9,10,9,1,1,1,1,J,10.05
03/24/2025 17:03:00,riya.kumar@example.com,95.97,Riya Kumar,1032233689,79,Absent,9,5,13,8,7,9,1,1,1,1,K,10.25
03/24/2025 17:03:00,anika.patel@example.com,54.03,Anika Patel,1032233192,6,Absent,10,5,12,8,8,9,1,1,1,1,J,10.3
03/24/2025 17:03:00,aryan.verma@example.com,91.85,Aryan Verma,1032233383,66,Absent,10,3,14,10,9,10,1,1,1,1,J,11.35
03/24/2025 17:03:00,gauri.patel@example.com,93.61,Gauri Patel,1032233577,43,Absent,7,5,13,9,7,7,1,1,1,1,J,9.6
03/24/2025 17:03:00,aarav.reddy@example.com,59.14,Aarav Reddy,1032233718,27,Absent,7,4,12,9,9,7,1,1,1,1,K,9.5
03/24/2025 17:03:00,aman.sharma@example.com,87.08,Aman Sharma,1032233600,50,Present,8,3,12,7,10,10,1,1,1,1,J,10.05
03/24/2025 17:03:00,arjun.sharma@example.com,80.05,Arjun Sharma,1032233498,23,Absent,7,3,12,9,10,9,1,1,1,1,L,9.95
03/24/2025 17:03:00,sneha.patel@example.com,76.24,Sneha Patel,1032233948,100,Present,8,4,15,10,8,10,1,1,1,1,K,11.2
03/24/2025 17:03:00,sneha.patel@example.com,56.38,Sneha Patel,1032233601,77,Present,7,4,11,10,10,7,1,1,1,1,K,9.5
03/24/2025 17:03:00,aarav.reddy@example.com,56.57,Aarav Reddy,1032233736,39,Absent,10,5,13,7,8,7,1,1,1,1,J,10.05
03/24/2025 17:03:00,rohan.singh@example.com,63.64,Rohan Singh,1032233928,27,Absent,10,5,11,9,10,8,1,1,1,1,L,10.249999999999998
03/24/2025 17:03:00,vihaan.verma@example.com,83.65,Vihaan Verma,1032233675,4,Present,8,4,12,8,10,9,1,1,1,1,K,10.100000000000001
03/24/2025 17:03:00,kunal.kumar@example.com,77.66,Kunal Kumar,1032233120,4,Absent,7,3,11,7,10,7,1,1,1,1,L,8.95
03/24/2025 17:03:00,aditya.sharma@example.com,70.82,Aditya Sharma,1032233729,84,Absent,9,3,11,8,9,7,1,1,1,1,L,9.35
03/24/2025 17:03:00,devansh.singh@example.com,87.87,Devansh Singh,1032233915,67,Present,7,4,11,7,9,7,1,1,1,1,J,8.899999999999999
03/24/2025 17:03:00,aditya.sharma@example.com,75.56,Aditya Sharma,1032233676,1,Absent,8,4,13,9,7,8,1,1,1,1,E,9.9
03/24/2025 17:03:00,neha.verma@example.com,67.96,Neha Verma,1032233545,43,Present,10,3,12,7,8,9,1,1,1,1,E,9.95
03/24/2025 17:03:00,nikhil.reddy@example.com,58.19,Nikhil Reddy,1032233213,32,Absent,9,3,14,7,7,9,1,1,1,1,E,10.200000000000001
03/24/2025 17:03:00,aarav.singh@example.com,91.86,Aarav Singh,1032233633,21,Present,10,4,12,9,9,7,1,1,1,1,E,10.1
03/24/2025 17:03:00,aadhya.patel@example.com,64.95,Aadhya Patel,1032233568,74,Present,9,5,11,10,7,10,1,1,1,1,J,10.15
03/24/2025 17:03:00,sai.sharma@example.com,56.61,Sai Sharma,1032233385,31,Present,9,5,13,8,9,7,1,1,1,1,E,10.15
03/24/2025 17:03:00,pooja.singh@example.com,79.37,Pooja Singh,1032233543,17,Absent,9,5,11,8,10,10,1,1,1,1,J,10.3
03/24/2025 17:03:00,ishaan.verma@example.com,61.9,Ishaan Verma,1032233261,66,Absent,7,3,12,9,9,10,1,1,1,1,E,10.0
03/24/2025 17:03:00,tanish.patel@example.com,94.42,Tanish Patel,1032233824,73,Present,8,5,14,7,8,9,1,1,1,1,E,10.350000000000001
03/24/2025 17:03:00,yash.sharma@example.com,70.41,Yash Sharma,1032233632,43,Absent,7,3,15,9,7,7,1,1,1,1,E,10.0
03/24/2025 17:03:00,aarav.verma@example.com,97.05,Aarav Verma,1032233200,80,Present,10,4,14,7,9,10,1,1,1,1,E,11.0
03/24/2025 17:03:00,vikram.reddy@example.com,54.36,Vikram Reddy,1032233490,12,Absent,7,4,13,8,10,7,1,1,1,1,J,9.8
03/24/2025 17:03:00,vivaan.reddy@example.com,70.71,Vivaan Reddy,1032233751,2,Absent,9,4,13,7,7,8,1,1,1,1,L,9.799999999999999
03/24/2025 17:03:00,arjun.patel@example.com,81.7,Arjun Patel,1032233168,56,Absent,9,5,14,8,10,7,1,1,1,1,L,10.6
03/24/2025 17:03:00,aryan.singh@example.com,71.29,Aryan Singh,1032233678,40,Absent,7,5,11,7,7,7,1,1,1,1,K,8.7
03/24/2025 17:03:00,sneha.verma@example.com,73.6,Sneha Verma,1032233105,18,Present,10,5,10,8,7,10,1,1,1,1,E,9.75
03/24/2025 17:03:00,neha.verma@example.com,97.41,Neha Verma,1032233209,8,Present,10,5,12,9,7,10,1,1,1,1,J,10.5
03/24/2025 17:03:00,lakshay.verma@example.com,84.39,Lakshay Verma,1032233531,3,Absent,8,5,10,9,9,9,1,1,1,1,J,9.6
03/24/2025 17:03:00,tanish.patel@example.com,95.5,Tanish Patel,1032233823,47,Present,7,3,10,9,9,8,1,1,1,1,L,9.0
03/24/2025 17:03:00,anshika.reddy@example.com,59.44,Anshika Reddy,1032233683,80,Present,8,3,10,9,10,8,1,1,1,1,K,9.35
03/24/2025 17:03:00,kabir.patel@example.com,70.88,Kabir Patel,1032233101,81,Absent,7,4,12,8,7,7,1,1,1,1,K,9.05
03/24/2025 17:03:00,priya.reddy@example.com,59.81,Priya Reddy,1032233609,85,Absent,7,3,13,7,9,9,1,1,1,1,L,9.799999999999999
03/24/2025 17:03:00,yash.patel@example.com,90.04,Yash Patel,1032233869,54,Present,10,5,10,10,7,9,1,1,1,1,J,9.850000000000001
03/24/2025 17:03:00,tara.verma@example.com,93.67,Tara Verma,1032233501,9,Absent,10,3,15,9,9,8,1,1,1,1,K,11.1
03/24/2025 17:03:00,ishaan.verma@example.com,60.4,Ishaan Verma,1032233593,93,Present,8,3,11,7,7,8,1,1,1,1,K,8.9
03/24/2025 17:03:00,gauri.patel@example.com,55.77,Gauri Patel,1032233612,6,Present,7,5,13,7,9,7,1,1,1,1,K,9.6
03/24/2025 17:03:00,nikhil.singh@example.com,56.09,Nikhil Singh,1032233717,17,Present,10,4,12,9,10,7,1,1,1,1,L,10.25
03/24/2025 17:03:00,anika.patel@example.com,60.24,Anika Patel,1032233935,40,Absent,9,4,11,9,8,8,1,1,1,1,J,9.649999999999999
03/24/2025 17:03:00,siddharth.sharma@example.com,98.43,Siddharth Sharma,1032233581,26,Present,8,5,14,7,10,8,1,1,1,1,J,10.450000000000001
03/24/2025 17:03:00,anaya.kumar@example.com,90.85,Anaya Kumar,1032233344,80,Absent,10,3,15,8,8,9,1,1,1,1,J,11.0
03/24/2025 17:03:00,gauri.kumar@example.com,59.83,Gauri Kumar,1032233595,22,Present,8,5,15,7,9,8,1,1,1,1,K,10.6
03/24/2025 17:03:00,kabir.patel@example.com,77.46,Kabir Patel,1032233459,20,Absent,8,3,12,7,9,9,1,1,1,1,L,9.7
03/24/2025 17:03:00,sai.reddy@example.com,72.49,Sai Reddy,1032233287,74,Present,8,5,11,7,7,7,1,1,1,1,K,8.9
03/24/2025 17:03:00,vivaan.reddy@example.com,62.28,Vivaan Reddy,1032233732,78,Present,10,5,15,7,7,7,1,1,1,1,K,10.500000000000002
03/24/2025 17:03:00,riya.singh@example.com,84.87,Riya Singh,1032233681,35,Absent,10,4,15,7,9,7,1,1,1,1,J,10.700000000000001
03/24/2025 17:03:00,tanish.verma@example.com,72.87,Tanish Verma,1032233515,80,Absent,7,5,15,9,9,8,1,1,1,1,J,10.7
03/24/2025 17:03:00,aadhya.reddy@example.com,74.13,Aadhya Reddy,1032233730,88,Absent,10,5,13,7,7,9,1,1,1,1,E,10.3
03/24/2025 17:03:00,lakshay.singh@example.com,97.97,Lakshay Singh,1032233977,77,Absent,7,3,15,9,8,7,1,1,1,1,J,10.15
03/24/2025 17:03:00,arjun.singh@example.com,70.39,Arjun Singh,1032233878,15,Absent,7,5,14,9,10,7,1,1,1,1,K,10.35
03/24/2025 17:03:00,tanish.reddy@example.com,77.15,Tanish Reddy,1032233571,32,Absent,9,3,11,8,9,10,1,1,1,1,J,9.95
03/24/2025 17:03:00,gauri.patel@example.com,87.79,Gauri Patel,1032233437,50,Absent,8,5,14,9,9,8,1,1,1,1,E,10.6
03/24/2025 17:03:00,kabir.reddy@example.com,66.44,Kabir Reddy,1032233875,41,Present,10,4,11,8,10,7,1,1,1,1,E,9.799999999999999
03/24/2025 17:03:00,raj.kumar@example.com,80.02,Raj Kumar,1032233803,49,Absent,8,5,15,7,8,7,1,1,1,1,K,10.25
03/24/2025 17:03:00,anaya.verma@example.com,85.45,Anaya Verma,1032233621,4,Present,10,4,15,10,7,8,1,1,1,1,K,11.05
03/24/2025 17:03:00,vikram.patel@example.com,74.61,Vikram Patel,1032233351,41,Absent,8,4,12,9,9,10,1,1,1,1,K,10.299999999999999
03/24/2025 17:03:00,vihaan.kumar@example.com,56.87,Vihaan Kumar,1032233551,56,Present,10,4,12,9,8,10,1,1,1,1,K,10.549999999999999
03/24/2025 17:03:00,pooja.reddy@example.com,99.95,Pooja Reddy,1032233197,20,Absent,9,3,15,8,9,9,1,1,1,1,K,10.950000000000001
03/24/2025 17:03:00,vihaan.sharma@example.com,83.46,Vihaan Sharma,1032233473,61,Absent,7,4,10,7,9,10,1,1,1,1,E,9.2
03/24/2025 17:03:00,ishaan.patel@example.com,87.53,Ishaan Patel,1032233911,82,Present,7,4,14,9,8,9,1,1,1,1,J,10.35
03/24/2025 17:03:00,rahul.kumar@example.com,56.19,Rahul Kumar,1032233453,54,Absent,9,5,13,8,10,7,1,1,1,1,L,10.299999999999999
03/24/2025 17:03:00,arjun.singh@example.com,84.34,Arjun Singh,1032233260,87,Absent,9,5,11,10,7,9,1,1,1,1,E,9.950000000000001
03/24/2025 17:03:00,tara.reddy@example.com,82.22,Tara Reddy,1032233195,55,Absent,9,5,10,10,7,7,1,1,1,1,L,9.25
03/24/2025 17:03:00,anika.patel@example.com,62.97,Anika Patel,1032233955,20,Present,7,3,10,9,10,10,1,1,1,1,J,9.55
03/24/2025 17:03:00,vihaan.reddy@example.com,82.6,Vihaan Reddy,1032233437,28,Absent,9,5,10,8,10,7,1,1,1,1,K,9.4
03/24/2025 17:03:00,rahul.verma@example.com,92.95,Rahul Verma,1032233961,60,Absent,7,4,14,10,10,10,1,1,1,1,J,11.0
03/24/2025 17:03:00,kunal.sharma@example.com,91.19,Kunal Sharma,1032233920,70,Present,10,3,14,10,8,9,1,1,1,1,J,11.0
03/24/2025 17:03:00,vihaan.verma@example.com,51.69,Vihaan Verma,1032233606,19,Present,10,3,14,10,9,10,1,1,1,1,E,11.35
03/24/2025 17:03:00,anaya.singh@example.com,67.88,Anaya Singh,1032233649,78,Present,9,4,13,9,7,9,1,1,1,1,L,10.3
03/24/2025 17:03:00,aryan.patel@example.com,75.3,Aryan Patel,1032233874,85,Present,9,4,11,10,7,9,1,1,1,1,L,9.850000000000001
03/24/2025 17:03:00,sakshi.patel@example.com,77.37,Sakshi Patel,1032233984,94,Absent,7,4,12,10,9,7,1,1,1,1,L,9.65
03/24/2025 17:03:00,siddharth.kumar@example.com,62.19,Siddharth Kumar,1032233803,86,Absent,10,3,12,9,7,9,1,1,1,1,E,10.1
03/24/2025 17:03:00,siddharth.patel@example.com,56.77,Siddharth Patel,1032233282,78,Absent,7,4,11,10,10,7,1,1,1,1,K,9.5
03/24/2025 17:03:00,kunal.sharma@example.com,81.46,Kunal Sharma,1032233216,8,Present,8,5,12,8,7,7,1,1,1,1,E,9.35
03/24/2025 17:03:00,rohan.verma@example.com,56.0,Rohan Verma,1032233192,63,Absent,9,3,15,8,10,7,1,1,1,1,K,10.700000000000001
03/24/2025 17:03:00,siddharth.sharma@example.com,57.36,Siddharth Sharma,1032233536,74,Absent,8,4,11,9,10,7,1,1,1,1,J,9.549999999999999
03/24/2025 17:03:00,raj.patel@example.com,65.48,Raj Patel,1032233361,96,Present,10,3,11,8,8,10,1,1,1,1,E,10.0
03/24/2025 17:03:00,raj.singh@example.com,93.26,Raj Singh,1032233632,57,Absent,7,5,10,7,10,9,1,1,1,1,E,9.25
03/24/2025 17:03:00,vihaan.kumar@example.com,65.93,Vihaan Kumar,1032233729,5,Absent,9,5,12,9,8,8,1,1,1,1,K,10.049999999999999
03/24/2025 17:03:00,aadhya.sharma@example.com,95.83,Aadhya Sharma,1032233240,80,Absent,9,4,10,10,9,9,1,1,1,1,J,9.850000000000001
03/24/2025 17:03:00,rohan.patel@example.com,56.11,Rohan Patel,1032233548,63,Present,8,5,12,7,8,8,1,1,1,1,L,9.549999999999999
03/24/2025 17:03:00,ishaan.verma@example.com,69.74,Ishaan Verma,1032233777,68,Present,10,3,14,10,7,10,1,1,1,1,E,11.05
03/24/2025 17:03:00,rakesh.verma@example.com,75.65,Rakesh Verma,1032233842,34,Present,10,3,12,8,9,7,1,1,1,1,E,9.85
03/24/2025 17:03:00,gauri.reddy@example.com,84.94,Gauri Reddy,1032233856,71,Absent,7,4,12,8,9,9,1,1,1,1,J,9.75
03/24/2025 17:03:00,vivaan.patel@example.com,99.95,Vivaan Patel,1032233650,52,Absent,10,3,11,9,7,8,1,1,1,1,E,9.6
03/24/2025 17:03:00,gauri.singh@example.com,74.87,Gauri Singh,1032233278,39,Absent,7,4,12,9,9,9,1,1,1,1,K,9.9
03/24/2025 17:03:00,krishna.kumar@example.com,63.77,Krishna Kumar,1032233397,77,Absent,10,3,12,8,9,10,1,1,1,1,L,10.45
03/24/2025 17:03:00,anshika.reddy@example.com,58.04,Anshika Reddy,1032233291,33,Present,7,5,13,10,10,10,1,1,1,1,E,10.8
03/24/2025 17:03:00,anaya.reddy@example.com,65.65,Anaya Reddy,1032233806,32,Present,8,4,15,10,8,7,1,1,1,1,J,10.6
03/24/2025 17:03:00,vikram.patel@example.com,95.29,Vikram Patel,1032233685,23,Absent,7,3,12,9,8,8,1,1,1,1,J,9.45
03/24/2025 17:03:00,nikhil.kumar@example.com,98.09,Nikhil Kumar,1032233669,80,Absent,9,3,13,9,7,10,1,1,1,1,J,10.4
03/24/2025 17:03:00,soham.verma@example.com,61.05,Soham Verma,1032233563,95,Present,7,4,12,8,10,9,1,1,1,1,K,9.900000000000002
03/24/2025 17:03:00,kunal.verma@example.com,67.55,Kunal Verma,1032233629,69,Present,7,3,14,7,9,8,1,1,1,1,J,9.9
03/24/2025 17:03:00,yash.patel@example.com,90.54,Yash Patel,1032233672,20,Present,10,4,11,8,10,8,1,1,1,1,E,9.999999999999998
03/24/2025 17:03:00,rohan.sharma@example.com,59.82,Rohan Sharma,1032233878,87,Present,7,3,12,8,8,10,1,1,1,1,K,9.7
03/24/2025 17:03:00,devansh.sharma@example.com,64.12,Devansh Sharma,1032233690,95,Absent,10,4,13,8,8,7,1,1,1,1,J,10.1
03/24/2025 17:03:00,rohan.verma@example.com,63.65,Rohan Verma,1032233564,11,Absent,7,3,10,8,10,8,1,1,1,1,E,9.0
03/24/2025 17:03:00,siddharth.verma@example.com,74.11,Siddharth Verma,1032233638,17,Absent,8,4,13,8,9,9,1,1,1,1,J,10.250000000000002
03/24/2025 17:03:00,soham.kumar@example.com,64.84,Soham Kumar,1032233425,60,Present,10,4,11,9,10,10,1,1,1,1,E,10.549999999999999
03/24/2025 17:03:00,devansh.sharma@example.com,50.61,Devansh Sharma,1032233580,98,Present,8,4,13,10,10,9,1,1,1,1,J,10.700000000000001
03/24/2025 17:03:00,neha.sharma@example.com,56.17,Neha Sharma,1032233120,72,Absent,9,3,10,9,8,10,1,1,1,1,J,9.649999999999999
03/24/2025 17:03:00,sai.sharma@example.com,67.84,Sai Sharma,1032233268,33,Present,10,3,11,9,8,8,1,1,1,1,J,9.749999999999998
03/24/2025 17:03:00,siddharth.kumar@example.com,83.53,Siddharth Kumar,1032233325,38,Absent,8,4,15,7,9,9,1,1,1,1,J,10.700000000000001
03/24/2025 17:03:00,riya.reddy@example.com,64.12,Riya Reddy,1032233380,48,Present,10,4,10,10,7,7,1,1,1,1,J,9.35
03/24/2025 17:03:00,anika.kumar@example.com,94.15,Anika Kumar,1032233525,74,Present,8,3,12,10,7,9,1,1,1,1,J,9.850000000000001
03/24/2025 17:03:00,tanish.verma@example.com,85.04,Tanish Verma,1032233527,51,Absent,10,5,12,8,10,8,1,1,1,1,K,10.4
03/24/2025 17:03:00,riya.patel@example.com,51.81,Riya Patel,1032233675,51,Absent,8,3,12,10,10,10,1,1,1,1,J,10.5
03/24/2025 17:03:00,gauri.kumar@example.com,58.51,Gauri Kumar,1032233448,100,Absent,7,3,10,10,8,9,1,1,1,1,L,9.200000000000001
03/24/2025 17:03:00,nidhi.verma@example.com,88.8,Nidhi Verma,1032233525,21,Present,7,3,15,9,8,7,1,1,1,1,J,10.15
03/24/2025 17:03:00,aarav.verma@example.com,85.81,Aarav Verma,1032233407,91,Absent,10,5,12,7,7,7,1,1,1,1,E,9.6
03/24/2025 17:03:00,raj.verma@example.com,63.24,Raj Verma,1032233397,84,Present,7,3,13,9,8,10,1,1,1,1,L,10.149999999999999
03/24/2025 17:03:00,gauri.sharma@example.com,84.57,Gauri Sharma,1032233694,62,Absent,10,5,12,10,8,7,1,1,1,1,K,10.2
03/24/2025 17:03:00,nidhi.sharma@example.com,94.03,Nidhi Sharma,1032233925,47,Present,9,4,11,7,8,7,1,1,1,1,J,9.15
03/24/2025 17:03:00,nikhil.verma@example.com,50.71,Nikhil Verma,1032233873,78,Absent,8,5,14,9,9,9,1,1,1,1,L,10.8
03/24/2025 17:03:00,riya.kumar@example.com,80.47,Riya Kumar,1032233942,89,Present,7,3,12,10,10,8,1,1,1,1,K,9.9
03/24/2025 17:03:00,gauri.sharma@example.com,95.97,Gauri Sharma,1032233722,1,Present,9,3,14,10,9,7,1,1,1,1,K,10.55
03/24/2025 17:03:00,arjun.kumar@example.com,89.39,Arjun Kumar,1032233384,60,Present,8,4,13,10,9,7,1,1,1,1,E,10.15
03/24/2025 17:03:00,sakshi.verma@example.com,65.07,Sakshi Verma,1032233412,9,Present,10,3,11,8,10,8,1,1,1,1,J,9.9
03/24/2025 17:03:00,devansh.sharma@example.com,54.35,Devansh Sharma,1032233207,14,Present,8,4,15,7,9,7,1,1,1,1,L,10.3
03/24/2025 17:03:00,raj.reddy@example.com,80.65,Raj Reddy,1032233725,35,Absent,7,3,15,8,9,7,1,1,1,1,L,10.15
03/24/2025 17:03:00,anshika.reddy@example.com,90.96,Anshika Reddy,1032233159,51,Absent,9,4,15,8,7,9,1,1,1,1,L,10.750000000000002
03/24/2025 17:03:00,riya.verma@example.com,68.78,Riya Verma,1032233978,99,Absent,8,4,11,9,10,7,1,1,1,1,E,9.549999999999999
03/24/2025 17:03:00,sai.singh@example.com,55.63,Sai Singh,1032233904,24,Present,7,3,15,9,9,10,1,1,1,1,E,10.9
03/24/2025 17:03:00,ishaan.verma@example.com,57.69,Ishaan Verma,1032233121,57,Absent,9,3,14,8,8,10,1,1,1,1,E,10.700000000000001
03/24/2025 17:03:00,sai.patel@example.com,77.37,Sai Patel,1032233925,36,Present,10,3,13,10,10,8,1,1,1,1,E,10.799999999999999
03/24/2025 17:03:00,arjun.verma@example.com,96.97,Arjun Verma,1032233145,10,Present,7,4,10,10,10,7,1,1,1,1,K,9.200000000000001
03/24/2025 17:03:00,aditya.kumar@example.com,65.43,Aditya Kumar,1032233483,53,Absent,8,4,10,7,8,10,1,1,1,1,K,9.25
03/24/2025 17:03:00,arjun.reddy@example.com,66.5,Arjun Reddy,1032233482,56,Absent,9,4,11,7,9,7,1,1,1,1,L,9.299999999999999
03/24/2025 17:03:00,arjun.singh@example.com,76.53,Arjun Singh,1032233800,75,Absent,7,4,13,7,8,10,1,1,1,1,K,9.95
03/24/2025 17:03:00,aryan.verma@example.com,79.91,Aryan Verma,1032233938,13,Absent,8,3,14,10,9,9,1,1,1,1,K,10.750000000000002
03/24/2025 17:03:00,aman.singh@example.com,90.55,Aman Singh,1032233396,78,Present,10,5,15,8,8,10,1,1,1,1,E,11.399999999999999
03/24/2025 17:03:00,raj.sharma@example.com,58.47,Raj Sharma,1032233570,53,Present,10,3,10,7,9,9,1,1,1,1,K,9.5
03/24/2025 17:03:00,riya.singh@example.com,58.51,Riya Singh,1032233364,21,Absent,8,3,14,10,10,7,1,1,1,1,J,10.500000000000002
03/24/2025 17:03:00,aryan.reddy@example.com,65.11,Aryan Reddy,1032233885,4,Present,8,4,14,7,10,9,1,1,1,1,L,10.55
03/24/2025 17:03:00,yash.verma@example.com,94.32,Yash Verma,1032233142,82,Present,8,5,15,8,8,7,1,1,1,1,E,10.4
03/24/2025 17:03:00,lakshay.singh@example.com,78.9,Lakshay Singh,1032233425,24,Absent,9,3,15,8,8,9,1,1,1,1,J,10.8
03/24/2025 17:03:00,riya.reddy@example.com,84.16,Riya Reddy,1032233184,34,Absent,8,3,12,7,7,10,1,1,1,1,J,9.6
03/24/2025 17:03:00,neha.reddy@example.com,95.7,Neha Reddy,1032233603,63,Absent,8,5,15,9,8,10,1,1,1,1,J,11.149999999999999
03/24/2025 17:03:00,vihaan.verma@example.com,54.48,Vihaan Verma,1032233915,45,Absent,7,4,15,9,9,8,1,1,1,1,J,10.6
03/24/2025 17:03:00,sneha.singh@example.com,77.71,Sneha Singh,1032233129,54,Present,9,5,13,9,7,10,1,1,1,1,J,10.6
03/24/2025 17:03:00,diya.verma@example.com,80.63,Diya Verma,1032233199,25,Present,10,3,13,8,8,9,1,1,1,1,K,10.4
03/24/2025 17:03:00,soham.reddy@example.com,83.98,Soham Reddy,1032233757,17,Absent,7,3,13,7,9,9,1,1,1,1,E,9.799999999999999
03/24/2025 17:03:00,tanish.kumar@example.com,97.44,Tanish Kumar,1032233482,37,Absent,9,3,15,7,8,7,1,1,1,1,L,10.25
03/24/2025 17:03:00,sai.sharma@example.com,92.24,Sai Sharma,1032233251,14,Absent,8,5,11,8,7,10,1,1,1,1,K,9.65
03/24/2025 17:03:00,vihaan.kumar@example.com,76.82,Vihaan Kumar,1032233672,15,Present,10,4,13,7,9,8,1,1,1,1,K,10.299999999999999
03/24/2025 17:03:00,soham.singh@example.com,93.77,Soham Singh,1032233316,81,Absent,7,3,13,9,8,10,1,1,1,1,E,10.149999999999999
03/24/2025 17:03:00,aditya.singh@example.com,91.97,Aditya Singh,1032233447,81,Absent,9,4,14,9,10,8,1,1,1,1,J,10.85
03/24/2025 17:03:00,nikhil.reddy@example.com,82.86,Nikhil Reddy,1032233186,33,Present,9,5,11,10,9,7,1,1,1,1,J,9.85
03/24/2025 17:03:00,aadhya.reddy@example.com,63.45,Aadhya Reddy,1032233269,4,Absent,8,5,13,9,7,10,1,1,1,1,J,10.4
03/24/2025 17:03:00,rakesh.verma@example.com,66.51,Rakesh Verma,1032233928,65,Absent,9,4,10,10,8,7,1,1,1,1,J,9.3
03/24/2025 17:03:00,raj.patel@example.com,75.36,Raj Patel,1032233792,70,Absent,7,4,15,7,7,8,1,1,1,1,J,10.0
03/24/2025 17:03:00,aman.kumar@example.com,78.12,Aman Kumar,1032233426,62,Absent,9,3,11,7,8,7,1,1,1,1,E,9.05
03/24/2025 17:03:00,nidhi.verma@example.com,76.26,Nidhi Verma,1032233445,81,Absent,7,4,15,8,7,10,1,1,1,1,K,10.55
03/24/2025 17:03:00,anshika.verma@example.com,77.33,Anshika Verma,1032233208,83,Absent,9,3,15,10,8,7,1,1,1,1,K,10.7
03/24/2025 17:03:00,diya.patel@example.com,96.29,Diya Patel,1032233274,14,Present,9,4,15,7,7,8,1,1,1,1,E,10.4
03/24/2025 17:03:00,aman.kumar@example.com,77.74,Aman Kumar,1032233281,62,Absent,7,5,15,8,10,8,1,1,1,1,E,10.700000000000001
03/24/2025 17:03:00,meera.singh@example.com,62.34,Meera Singh,1032233442,42,Absent,8,3,13,9,10,8,1,1,1,1,L,10.249999999999998
03/24/2025 17:03:00,ishaan.verma@example.com,71.52,Ishaan Verma,1032233237,2,Present,9,4,12,7,7,7,1,1,1,1,L,9.299999999999999
03/24/2025 17:03:00,vihaan.kumar@example.com,85.45,Vihaan Kumar,1032233647,21,Absent,7,3,14,7,9,8,1,1,1,1,J,9.9
03/24/2025 17:03:00,vikram.reddy@example.com,63.63,Vikram Reddy,1032233976,5,Absent,10,3,14,8,9,9,1,1,1,1,J,10.850000000000001
03/24/2025 17:03:00,vikram.singh@example.com,70.07,Vikram Singh,1032233402,64,Absent,8,4,10,8,10,9,1,1,1,1,L,9.5
03/24/2025 17:03:00,anika.reddy@example.com,51.61,Anika Reddy,1032233259,37,Absent,8,4,10,7,9,8,1,1,1,1,E,9.0
03/24/2025 17:03:00,gauri.kumar@example.com,70.86,Gauri Kumar,1032233938,68,Absent,10,3,13,8,8,9,1,1,1,1,J,10.4
03/24/2025 17:03:00,raj.kumar@example.com,87.98,Raj Kumar,1032233423,13,Present,9,4,15,10,8,9,1,1,1,1,K,11.2
03/24/2025 17:03:00,rohan.verma@example.com,99.19,Rohan Verma,1032233709,60,Present,7,3,11,9,10,9,1,1,1,1,L,9.65
03/24/2025 17:03:00,nikhil.reddy@example.com,56.25,Nikhil Reddy,1032233173,82,Absent,10,5,14,10,9,8,1,1,1,1,K,11.149999999999999
03/24/2025 17:03:00,aarav.verma@example.com,99.03,Aarav Verma,1032233857,60,Present,9,3,11,9,7,10,1,1,1,1,E,9.8
03/24/2025 17:03:00,anika.singh@example.com,82.19,Anika Singh,1032233107,68,Present,8,5,12,9,9,7,1,1,1,1,K,9.799999999999999
03/24/2025 17:03:00,gauri.patel@example.com,91.98,Gauri Patel,1032233298,64,Present,10,5,12,9,10,10,1,1,1,1,J,10.95
03/24/2025 17:03:00,aryan.singh@example.com,85.7,Aryan Singh,1032233451,93,Present,10,5,11,7,9,9,1,1,1,1,L,10.0
03/24/2025 17:03:00,aryan.singh@example.com,71.4,Aryan Singh,1032233634,3,Present,7,5,15,8,7,9,1,1,1,1,K,10.450000000000001
03/24/2025 17:03:00,pooja.kumar@example.com,63.27,Pooja Kumar,1032233556,10,Present,8,4,13,8,10,10,1,1,1,1,L,10.600000000000001
03/24/2025 17:03:00,anaya.patel@example.com,64.2,Anaya Patel,1032233746,17,Absent,7,5,12,7,7,8,1,1,1,1,E,9.2
03/24/2025 17:03:00,sneha.verma@example.com,77.97,Sneha Verma,1032233197,8,Present,9,3,12,9,9,9,1,1,1,1,J,10.2
03/24/2025 17:03:00,aadhya.patel@example.com,72.97,Aadhya Patel,1032233894,86,Absent,10,3,12,9,9,10,1,1,1,1,L,10.6
03/24/2025 17:03:00,lakshay.singh@example.com,73.86,Lakshay Singh,1032233338,52,Absent,8,5,12,8,7,8,1,1,1,1,E,9.549999999999999
03/24/2025 17:03:00,aditya.patel@example.com,85.19,Aditya Patel,1032233669,62,Present,10,3,14,9,9,7,1,1,1,1,E,10.6
03/24/2025 17:03:00,kunal.reddy@example.com,51.42,Kunal Reddy,1032233639,41,Present,7,5,15,10,7,9,1,1,1,1,J,10.750000000000002
03/24/2025 17:03:00,sneha.patel@example.com,64.23,Sneha Patel,1032233629,94,Absent,8,5,11,8,10,8,1,1,1,1,K,9.700000000000001
03/24/2025 17:03:00,aadhya.sharma@example.com,64.9,Aadhya Sharma,1032233135,12,Present,9,3,14,8,9,8,1,1,1,1,K,10.450000000000001
03/24/2025 17:03:00,aadhya.kumar@example.com,94.88,Aadhya Kumar,1032233587,85,Absent,7,4,13,9,9,10,1,1,1,1,L,10.4
03/24/2025 17:03:00,nikhil.verma@example.com,70.12,Nikhil Verma,1032233762,51,Absent,8,5,10,10,9,8,1,1,1,1,L,9.549999999999999
03/24/2025 17:03:00,arnav.verma@example.com,69.16,Arnav Verma,1032233151,74,Present,10,5,12,7,7,7,1,1,1,1,L,9.6
03/24/2025 17:03:00,sai.verma@example.com,73.56,Sai Verma,1032233467,99,Absent,7,3,13,7,8,10,1,1,1,1,L,9.85
03/24/2025 17:03:00,kunal.sharma@example.com,57.85,Kunal Sharma,1032233953,56,Present,9,5,11,10,10,8,1,1,1,1,J,10.2
03/24/2025 17:03:00,diya.patel@example.com,50.39,Diya Patel,1032233947,96,Present,8,5,14,7,8,10,1,1,1,1,K,10.55
03/24/2025 17:03:00,siddharth.singh@example.com,51.68,Siddharth Singh,1032233477,26,Present,10,5,13,8,10,7,1,1,1,1,K,10.500000000000002
03/24/2025 17:03:00,anika.reddy@example.com,75.78,Anika Reddy,1032233690,38,Present,8,4,10,8,9,8,1,1,1,1,K,9.15
03/24/2025 17:03:00,vihaan.verma@example.com,52.0,Vihaan Verma,1032233715,77,Absent,9,3,12,10,10,9,1,1,1,1,L,10.5
03/24/2025 17:03:00,kunal.patel@example.com,95.32,Kunal Patel,1032233970,20,Absent,8,3,15,9,7,8,1,1,1,1,E,10.4
03/24/2025 17:03:00,meera.sharma@example.com,76.65,Meera Sharma,1032233326,60,Absent,9,3,15,8,7,7,1,1,1,1,L,10.25
03/24/2025 17:03:00,gauri.verma@example.com,87.88,Gauri Verma,1032233155,77,Present,8,4,13,9,7,7,1,1,1,1,L,9.700000000000001
03/24/2025 17:03:00,riya.singh@example.com,53.75,Riya Singh,1032233417,14,Present,8,4,15,8,9,8,1,1,1,1,L,10.65
03/24/2025 17:03:00,raj.sharma@example.com,72.19,Raj Sharma,1032233564,3,Absent,9,5,12,10,7,9,1,1,1,1,K,10.25
03/24/2025 17:03:00,vivaan.sharma@example.com,51.29,Vivaan Sharma,1032233394,53,Present,9,4,10,7,7,8,1,1,1,1,E,8.9
03/24/2025 17:03:00,neha.reddy@example.com,80.44,Neha Reddy,1032233359,89,Present,8,4,13,8,7,8,1,1,1,1,K,9.75
03/24/2025 17:03:00,devansh.kumar@example.com,92.04,Devansh Kumar,1032233276,28,Present,7,4,11,8,8,7,1,1,1,1,L,8.9
03/24/2025 17:03:00,raj.kumar@example.com,83.94,Raj Kumar,1032233910,47,Absent,7,4,14,9,8,8,1,1,1,1,E,10.149999999999999
03/24/2025 17:03:00,yash.verma@example.com,68.59,Yash Verma,1032233802,56,Present,7,3,14,7,7,10,1,1,1,1,J,10.0
03/24/2025 17:03:00,aadhya.patel@example.com,85.12,Aadhya Patel,1032233652,100,Absent,8,3,14,8,8,7,1,1,1,1,E,9.9
03/24/2025 17:03:00,sai.sharma@example.com,56.05,Sai Sharma,1032233628,61,Present,10,5,15,8,7,8,1,1,1,1,J,10.85
03/24/2025 17:03:00,kabir.kumar@example.com,70.35,Kabir Kumar,1032233517,58,Present,9,5,10,10,9,7,1,1,1,1,L,9.55
03/24/2025 17:03:00,anaya.verma@example.com,69.77,Anaya Verma,1032233508,45,Present,7,5,11,7,7,7,1,1,1,1,L,8.7
03/24/2025 17:03:00,rakesh.singh@example.com,76.36,Rakesh Singh,1032233558,10,Absent,9,5,11,8,9,8,1,1,1,1,K,9.75
03/24/2025 17:03:00,arjun.kumar@example.com,64.94,Arjun Kumar,1032233972,88,Absent,10,5,15,8,7,10,1,1,1,1,L,11.25
03/24/2025 17:03:00,rahul.kumar@example.com,55.75,Rahul Kumar,1032233816,64,Present,9,4,15,7,8,9,1,1,1,1,E,10.75
03/24/2025 17:03:00,devansh.singh@example.com,52.94,Devansh Singh,1032233769,82,Absent,7,3,14,9,8,9,1,1,1,1,K,10.25
03/24/2025 17:03:00,krishna.kumar@example.com,94.27,Krishna Kumar,1032233761,36,Absent,9,4,12,9,9,9,1,1,1,1,J,10.3
03/24/2025 17:03:00,kunal.patel@example.com,88.08,Kunal Patel,1032233795,22,Present,8,5,10,9,10,8,1,1,1,1,E,9.549999999999999
03/24/2025 17:03:00,pooja.sharma@example.com,78.59,Pooja Sharma,1032233790,21,Absent,8,5,12,9,7,7,1,1,1,1,E,9.5
03/24/2025 17:03:00,vivaan.kumar@example.com,93.82,Vivaan Kumar,1032233852,40,Absent,9,4,11,7,10,10,1,1,1,1,J,10.05
03/24/2025 17:03:00,aarav.singh@example.com,85.51,Aarav Singh,1032233292,8,Present,7,3,12,8,10,9,1,1,1,1,K,9.8
03/24/2025 17:03:00,siddharth.sharma@example.com,55.43,Siddharth Sharma,1032233755,32,Present,7,5,15,9,7,9,1,1,1,1,K,10.600000000000001
03/24/2025 17:03:00,gauri.singh@example.com,75.81,Gauri Singh,1032233441,94,Present,7,3,15,10,7,9,1,1,1,1,J,10.55
03/24/2025 17:03:00,aarav.sharma@example.com,76.58,Aarav Sharma,1032233707,27,Absent,10,4,12,7,9,8,1,1,1,1,L,10.0
03/24/2025 17:03:00,aman.sharma@example.com,74.05,Aman Sharma,1032233384,56,Present,9,3,14,7,9,8,1,1,1,1,L,10.3
03/24/2025 17:03:00,sai.reddy@example.com,97.03,Sai Reddy,1032233748,92,Present,9,4,10,10,10,7,1,1,1,1,E,9.6
03/24/2025 17:03:00,kabir.singh@example.com,71.94,Kabir Singh,1032233390,7,Absent,9,4,12,10,7,8,1,1,1,1,J,9.95
03/24/2025 17:03:00,krishna.verma@example.com,86.13,Krishna Verma,1032233999,4,Absent,7,4,13,7,7,9,1,1,1,1,E,9.6
03/24/2025 17:03:00,arnav.sharma@example.com,67.31,Arnav Sharma,1032233564,91,Present,7,5,15,10,7,10,1,1,1,1,J,10.950000000000001
03/24/2025 17:03:00,pooja.kumar@example.com,61.33,Pooja Kumar,1032233942,73,Present,8,4,10,10,10,10,1,1,1,1,K,10.0
03/24/2025 17:03:00,kunal.reddy@example.com,56.1,Kunal Reddy,1032233427,68,Absent,7,4,14,7,7,8,1,1,1,1,K,9.7
03/24/2025 17:03:00,nidhi.kumar@example.com,59.53,Nidhi Kumar,1032233274,89,Absent,8,5,10,10,7,9,1,1,1,1,L,9.45
03/24/2025 17:03:00,soham.verma@example.com,88.06,Soham Verma,1032233205,61,Absent,10,5,13,9,10,8,1,1,1,1,E,10.85
03/24/2025 17:03:00,anaya.patel@example.com,57.16,Anaya Patel,1032233180,88,Absent,9,3,13,7,10,10,1,1,1,1,J,10.55
03/24/2025 17:03:00,meera.singh@example.com,55.0,Meera Singh,1032233314,11,Present,10,4,10,7,9,10,1,1,1,1,J,9.8
03/24/2025 17:03:00,sneha.patel@example.com,65.54,Sneha Patel,1032233337,34,Absent,7,4,11,9,9,9,1,1,1,1,J,9.6
03/24/2025 17:03:00,anshika.patel@example.com,61.23,Anshika Patel,1032233645,30,Present,8,5,12,7,7,9,1,1,1,1,E,9.6
03/24/2025 17:03:00,soham.reddy@example.com,75.81,Soham Reddy,1032233643,77,Present,8,3,13,10,8,8,1,1,1,1,E,10.1
03/24/2025 17:03:00,anika.kumar@example.com,67.07,Anika Kumar,1032233251,21,Absent,10,4,14,10,8,9,1,1,1,1,J,11.1
03/24/2025 17:03:00,siddharth.singh@example.com,81.85,Siddharth Singh,1032233706,99,Present,7,3,14,8,8,7,1,1,1,1,K,9.700000000000001
03/24/2025 17:03:00,kabir.sharma@example.com,52.68,Kabir Sharma,1032233640,19,Present,8,3,14,10,10,8,1,1,1,1,J,10.700000000000001
03/24/2025 17:03:00,aadhya.kumar@example.com,62.67,Aadhya Kumar,1032233768,56,Absent,7,5,10,10,10,10,1,1,1,1,J,9.9
03/24/2025 17:03:00,pooja.sharma@example.com,71.47,Pooja Sharma,1032233196,39,Present,9,4,12,9,8,8,1,1,1,1,K,9.95
03/24/2025 17:03:00,rohan.verma@example.com,70.19,Rohan Verma,1032233303,7,Absent,7,3,10,10,8,8,1,1,1,1,L,9.0
03/24/2025 17:03:00,raj.reddy@example.com,75.93,Raj Reddy,1032233735,65,Absent,9,5,11,10,7,10,1,1,1,1,K,10.15
03/24/2025 17:03:00,aarav.kumar@example.com,95.86,Aarav Kumar,1032233182,67,Absent,9,3,15,10,8,8,1,1,1,1,E,10.899999999999999
03/24/2025 17:03:00,aadhya.singh@example.com,61.81,Aadhya Singh,1032233645,26,Present,8,3,11,8,7,9,1,1,1,1,J,9.25
03/24/2025 17:03:00,aadhya.reddy@example.com,67.5,Aadhya Reddy,1032233686,28,Absent,8,4,13,8,9,10,1,1,1,1,J,10.450000000000001
03/24/2025 17:03:00,raj.sharma@example.com,84.39,Raj Sharma,1032233273,34,Absent,9,3,15,8,9,8,1,1,1,1,K,10.75
03/24/2025 17:03:00,lakshay.singh@example.com,59.94,Lakshay Singh,1032233840,75,Present,8,3,12,10,8,8,1,1,1,1,L,9.799999999999999
03/24/2025 17:03:00,rakesh.patel@example.com,88.31,Rakesh Patel,1032233975,70,Present,7,3,11,9,8,8,1,1,1,1,L,9.15
03/24/2025 17:03:00,aarav.reddy@example.com,83.99,Aarav Reddy,1032233162,74,Present,10,4,11,9,10,8,1,1,1,1,J,10.149999999999999
03/24/2025 17:03:00,pooja.verma@example.com,95.25,Pooja Verma,1032233197,34,Present,8,5,15,10,10,9,1,1,1,1,J,11.4
03/24/2025 17:03:00,neha.sharma@example.com,95.06,Neha Sharma,1032233993,100,Present,9,4,10,9,10,8,1,1,1,1,K,9.65
03/24/2025 17:03:00,aman.kumar@example.com,80.67,Aman Kumar,1032233114,84,Present,7,4,12,10,10,8,1,1,1,1,K,10.0
03/24/2025 17:03:00,lakshay.verma@example.com,99.2,Lakshay Verma,1032233952,58,Present,7,4,12,7,9,7,1,1,1,1,L,9.2
03/24/2025 17:03:00,lakshay.reddy@example.com,63.05,Lakshay Reddy,1032233548,51,Present,7,4,15,7,7,7,1,1,1,1,E,9.8
03/24/2025 17:03:00,diya.kumar@example.com,91.7,Diya Kumar,1032233232,22,Present,8,5,10,7,7,9,1,1,1,1,L,9.0
03/24/2025 17:03:00,arnav.patel@example.com,56.5,Arnav Patel,1032233900,54,Absent,10,3,10,10,10,8,1,1,1,1,L,9.9
03/24/2025 17:03:00,vivaan.singh@example.com,73.86,Vivaan Singh,1032233792,96,Absent,9,4,13,8,8,10,1,1,1,1,E,10.5
03/24/2025 17:03:00,pooja.reddy@example.com,85.21,Pooja Reddy,1032233435,3,Present,9,3,10,9,10,8,1,1,1,1,J,9.549999999999999
03/24/2025 17:03:00,soham.kumar@example.com,90.77,Soham Kumar,1032233690,27,Absent,10,5,10,8,8,9,1,1,1,1,E,9.700000000000001
03/24/2025 17:03:00,anaya.singh@example.com,54.71,Anaya Singh,1032233703,88,Absent,8,3,15,10,9,8,1,1,1,1,K,10.85
03/24/2025 17:03:00,lakshay.kumar@example.com,87.29,Lakshay Kumar,1032233905,33,Present,8,5,14,8,10,10,1,1,1,1,L,11.0
03/24/2025 17:03:00,sneha.singh@example.com,67.16,Sneha Singh,1032233575,15,Absent,7,4,10,9,8,7,1,1,1,1,K,8.75
03/24/2025 17:03:00,devansh.patel@example.com,62.44,Devansh Patel,1032233409,90,Present,10,5,13,9,10,9,1,1,1,1,L,11.05
03/24/2025 17:03:00,vihaan.patel@example.com,94.43,Vihaan Patel,1032233771,75,Present,9,4,12,8,8,7,1,1,1,1,J,9.6
03/24/2025 17:03:00,riya.singh@example.com,72.49,Riya Singh,1032233902,11,Present,7,3,13,10,8,7,1,1,1,1,L,9.7
03/24/2025 17:03:00,rohan.singh@example.com,68.44,Rohan Singh,1032233678,28,Present,8,4,13,8,10,7,1,1,1,1,J,10.000000000000002
03/24/2025 17:03:00,sneha.sharma@example.com,67.15,Sneha Sharma,1032233662,93,Present,10,5,11,9,9,7,1,1,1,1,K,9.9
03/24/2025 17:03:00,anshika.reddy@example.com,82.29,Anshika Reddy,1032233146,60,Absent,10,3,11,9,10,8,1,1,1,1,L,10.049999999999999
03/24/2025 17:03:00,gauri.sharma@example.com,76.47,Gauri Sharma,1032233530,29,Absent,9,3,15,8,9,8,1,1,1,1,J,10.75
03/24/2025 17:03:00,aarav.singh@example.com,69.18,Aarav Singh,1032233824,23,Absent,10,3,11,10,8,10,1,1,1,1,K,10.299999999999999
03/24/2025 17:03:00,tara.sharma@example.com,98.21,Tara Sharma,1032233143,77,Absent,10,5,11,8,7,10,1,1,1,1,K,10.05
03/24/2025 17:03:00,sai.verma@example.com,93.17,Sai Verma,1032233778,55,Present,7,4,12,7,9,10,1,1,1,1,K,9.8
03/24/2025 17:03:00,vivaan.singh@example.com,62.63,Vivaan Singh,1032233578,47,Absent,10,3,12,9,8,8,1,1,1,1,L,10.049999999999999
03/24/2025 17:03:00,pooja.sharma@example.com,76.13,Pooja Sharma,1032233690,57,Absent,7,4,15,8,9,10,1,1,1,1,E,10.850000000000001
03/24/2025 17:03:00,neha.singh@example.com,82.25,Neha Singh,1032233977,93,Present,9,4,11,8,10,9,1,1,1,1,K,10.0
03/24/2025 17:03:00,aadhya.singh@example.com,64.18,Aadhya Singh,1032233175,11,Absent,8,3,10,9,8,10,1,1,1,1,E,9.45
03/24/2025 17:03:00,aarav.kumar@example.com,92.73,Aarav Kumar,1032233577,34,Present,7,5,13,8,8,10,1,1,1,1,E,10.2
03/24/2025 17:03:00,priya.singh@example.com,91.03,Priya Singh,1032233610,10,Present,7,3,13,9,8,9,1,1,1,1,K,9.95
03/24/2025 17:03:00,kunal.reddy@example.com,99.23,Kunal Reddy,1032233913,42,Absent,7,4,12,9,8,8,1,1,1,1,J,9.55
03/24/2025 17:03:00,krishna.reddy@example.com,57.7,Krishna Reddy,1032233256,30,Present,8,5,15,8,7,9,1,1,1,1,L,10.65
03/24/2025 17:03:00,soham.reddy@example.com,66.35,Soham Reddy,1032233826,73,Absent,8,5,15,9,9,7,1,1,1,1,E,10.7
03/24/2025 17:03:00,vikram.verma@example.com,52.59,Vikram Verma,1032233552,64,Absent,9,5,13,10,9,7,1,1,1,1,K,10.45
03/24/2025 17:03:00,yash.singh@example.com,54.45,Yash Singh,1032233431,53,Absent,9,4,11,10,8,8,1,1,1,1,K,9.799999999999999
03/24/2025 17:03:00,lakshay.kumar@example.com,82.85,Lakshay Kumar,1032233319,9,Absent,9,3,13,10,7,10,1,1,1,1,E,10.55
03/24/2025 17:03:00,rakesh.reddy@example.com,50.06,Rakesh Reddy,1032233869,17,Present,8,5,14,7,9,10,1,1,1,1,J,10.700000000000001
03/24/2025 17:03:00,rohan.sharma@example.com,84.96,Rohan Sharma,1032233826,56,Absent,9,4,14,10,10,7,1,1,1,1,K,10.8
03/24/2025 17:03:00,siddharth.reddy@example.com,77.63,Siddharth Reddy,1032233619,59,Present,9,5,12,7,7,10,1,1,1,1,E,10.0
03/24/2025 17:03:00,nikhil.kumar@example.com,71.2,Nikhil Kumar,1032233454,8,Present,8,4,14,9,10,9,1,1,1,1,K,10.850000000000001
03/24/2025 17:03:00,aadhya.verma@example.com,94.59,Aadhya Verma,1032233618,84,Absent,9,4,15,8,8,8,1,1,1,1,K,10.7
03/24/2025 17:03:00,siddharth.verma@example.com,99.35,Siddharth Verma,1032233584,43,Absent,7,3,13,9,7,7,1,1,1,1,K,9.399999999999999
03/24/2025 17:03:00,nikhil.reddy@example.com,81.1,Nikhil Reddy,1032233404,19,Present,9,4,15,10,10,8,1,1,1,1,K,11.299999999999999
03/24/2025 17:03:00,neha.sharma@example.com,52.64,Neha Sharma,1032233901,76,Present,9,5,10,8,8,10,1,1,1,1,E,9.7
03/24/2025 17:03:00,yash.singh@example.com,53.63,Yash Singh,1032233745,89,Present,8,5,13,7,10,9,1,1,1,1,J,10.350000000000001
03/24/2025 17:03:00,priya.reddy@example.com,79.87,Priya Reddy,1032233138,60,Present,9,5,11,7,9,7,1,1,1,1,K,9.399999999999999
03/24/2025 17:03:00,anshika.sharma@example.com,70.72,Anshika Sharma,1032233562,99,Present,7,4,10,8,9,10,1,1,1,1,L,9.350000000000001
03/24/2025 17:03:00,devansh.reddy@example.com,56.16,Devansh Reddy,1032233955,63,Absent,10,5,12,10,10,7,1,1,1,1,E,10.5
03/24/2025 17:03:00,aarav.sharma@example.com,67.38,Aarav Sharma,1032233770,34,Absent,8,5,11,7,7,8,1,1,1,1,E,9.1
03/24/2025 17:03:00,ishaan.patel@example.com,86.59,Ishaan Patel,1032233579,97,Present,9,3,15,7,9,9,1,1,1,1,L,10.8
03/24/2025 17:03:00,sai.sharma@example.com,56.08,Sai Sharma,1032233975,66,Present,8,4,14,9,9,8,1,1,1,1,L,10.5
03/24/2025 17:03:00,meera.reddy@example.com,62.92,Meera Reddy,1032233420,1,Absent,9,4,12,10,10,8,1,1,1,1,E,10.4
03/24/2025 17:03:00,ishaan.singh@example.com,54.04,Ishaan Singh,1032233951,64,Present,10,3,14,10,9,10,1,1,1,1,J,11.35
03/24/2025 17:03:00,aditya.kumar@example.com,72.8,Aditya Kumar,1032233672,26,Absent,10,3,14,7,7,7,1,1,1,1,K,10.0
03/24/2025 17:03:00,anika.reddy@example.com,68.54,Anika Reddy,1032233158,30,Absent,7,5,10,10,9,9,1,1,1,1,E,9.55
03/24/2025 17:03:00,sakshi.verma@example.com,88.43,Sakshi Verma,1032233423,69,Absent,8,4,13,10,10,9,1,1,1,1,K,10.700000000000001
03/24/2025 17:03:00,vivaan.patel@example.com,51.36,Vivaan Patel,1032233906,19,Present,7,4,14,9,10,9,1,1,1,1,J,10.65
03/24/2025 17:03:00,anaya.singh@example.com,77.79,Anaya Singh,1032233115,87,Present,8,4,13,7,10,10,1,1,1,1,K,10.45
03/24/2025 17:03:00,anshika.verma@example.com,90.19,Anshika Verma,1032233583,100,Present,7,5,14,10,8,10,1,1,1,1,E,10.8
03/24/2025 17:03:00,tanish.singh@example.com,89.63,Tanish Singh,1032233823,98,Absent,10,3,12,10,7,8,1,1,1,1,L,10.049999999999999
03/24/2025 17:03:00,siddharth.reddy@example.com,64.86,Siddharth Reddy,1032233136,66,Present,9,3,15,9,8,8,1,1,1,1,K,10.749999999999998
03/24/2025 17:03:00,tara.kumar@example.com,58.37,Tara Kumar,1032233341,42,Absent,9,5,10,8,10,10,1,1,1,1,K,10.0
03/24/2025 17:03:00,pooja.singh@example.com,87.2,Pooja Singh,1032233403,27,Present,7,5,15,9,8,8,1,1,1,1,K,10.549999999999999
03/24/2025 17:03:00,aditya.singh@example.com,59.78,Aditya Singh,1032233550,25,Absent,7,5,10,8,9,9,1,1,1,1,L,9.25
03/24/2025 17:03:00,kabir.kumar@example.com,76.83,Kabir Kumar,1032233140,2,Present,8,3,12,10,7,7,1,1,1,1,E,9.450000000000001
03/24/2025 17:03:00,rahul.singh@example.com,94.98,Rahul Singh,1032233562,30,Present,9,5,12,8,10,7,1,1,1,1,E,10.0
03/24/2025 17:03:00,arjun.patel@example.com,68.48,Arjun Patel,1032233604,41,Present,8,5,14,9,10,10,1,1,1,1,L,11.15
03/24/2025 17:03:00,yash.verma@example.com,68.51,Yash Verma,1032233236,31,Absent,7,5,15,9,7,9,1,1,1,1,J,10.600000000000001
03/24/2025 17:03:00,vihaan.verma@example.com,66.9,Vihaan Verma,1032233478,29,Present,10,5,10,7,8,8,1,1,1,1,J,9.35
03/24/2025 17:03:00,riya.reddy@example.com,94.98,Riya Reddy,1032233190,72,Absent,10,4,10,8,9,9,1,1,1,1,K,9.75
03/24/2025 17:03:00,krishna.sharma@example.com,86.76,Krishna Sharma,1032233788,70,Absent,9,4,14,9,7,8,1,1,1,1,E,10.4
03/24/2025 17:03:00,nidhi.reddy@example.com,59.29,Nidhi Reddy,1032233285,88,Absent,9,4,14,10,7,10,1,1,1,1,E,10.950000000000001
03/24/2025 17:03:00,diya.verma@example.com,80.13,Diya Verma,1032233746,31,Absent,9,3,10,8,9,7,1,1,1,1,L,9.049999999999999
03/24/2025 17:03:00,vikram.verma@example.com,70.75,Vikram Verma,1032233568,19,Absent,8,4,10,8,10,10,1,1,1,1,J,9.7
03/24/2025 17:03:00,aditya.reddy@example.com,52.59,Aditya Reddy,1032233224,13,Present,9,4,13,9,9,10,1,1,1,1,L,10.799999999999999
03/24/2025 17:03:00,priya.singh@example.com,57.75,Priya Singh,1032233823,46,Absent,9,4,15,7,10,7,1,1,1,1,L,10.65
03/24/2025 17:03:00,krishna.singh@example.com,79.47,Krishna Singh,1032233473,14,Absent,10,4,10,7,10,7,1,1,1,1,K,9.35
03/24/2025 17:03:00,siddharth.reddy@example.com,81.65,Siddharth Reddy,1032233706,52,Present,9,3,10,8,8,9,1,1,1,1,L,9.3
03/24/2025 17:03:00,rohan.verma@example.com,67.75,Rohan Verma,1032233283,36,Absent,8,5,13,9,7,8,1,1,1,1,L,10.0
03/24/2025 17:03:00,aditya.singh@example.com,77.91,Aditya Singh,1032233176,33,Present,8,5,15,8,8,7,1,1,1,1,K,10.4
03/24/2025 17:03:00,rohan.singh@example.com,96.97,Rohan Singh,1032233694,34,Absent,8,4,10,9,7,7,1,1,1,1,J,8.799999999999999
03/24/2025 17:03:00,aditya.sharma@example.com,53.65,Aditya Sharma,1032233457,36,Absent,10,5,12,7,8,10,1,1,1,1,E,10.35
03/24/2025 17:03:00,raj.patel@example.com,60.83,Raj Patel,1032233572,18,Absent,9,5,14,7,9,7,1,1,1,1,J,10.3
03/24/2025 17:03:00,vivaan.kumar@example.com,60.7,Vivaan Kumar,1032233335,44,Present,9,4,12,7,10,10,1,1,1,1,J,10.35
03/24/2025 17:03:00,kunal.patel@example.com,95.54,Kunal Patel,1032233129,9,Absent,8,5,13,7,10,9,1,1,1,1,E,10.350000000000001
03/24/2025 17:03:00,riya.singh@example.com,82.99,Riya Singh,1032233498,3,Present,7,3,11,7,7,10,1,1,1,1,L,9.1
03/24/2025 17:03:00,anika.patel@example.com,77.92,Anika Patel,1032233925,71,Present,10,3,13,8,10,10,1,1,1,1,L,10.899999999999999
03/24/2025 17:03:00,vikram.verma@example.com,62.97,Vikram Verma,1032233202,11,Present,10,4,14,7,7,8,1,1,1,1,L,10.299999999999999
03/24/2025 17:03:00,tanish.patel@example.com,60.08,Tanish Patel,1032233635,98,Present,8,5,10,10,8,9,1,1,1,1,L,9.6
03/24/2025 17:03:00,neha.singh@example.com,96.14,Neha Singh,1032233969,64,Present,9,5,13,9,9,10,1,1,1,1,E,10.899999999999999
03/24/2025 17:03:00,sneha.patel@example.com,56.15,Sneha Patel,1032233588,52,Present,8,4,13,10,8,9,1,1,1,1,J,10.4
03/24/2025 17:03:00,sai.kumar@example.com,95.48,Sai Kumar,1032233704,96,Absent,7,3,12,9,9,10,1,1,1,1,J,10.0
03/24/2025 17:03:00,lakshay.reddy@example.com,77.92,Lakshay Reddy,1032233678,89,Absent,8,5,10,9,9,9,1,1,1,1,J,9.6
03/24/2025 17:03:00,kabir.sharma@example.com,62.65,Kabir Sharma,1032233787,70,Present,10,4,14,10,9,8,1,1,1,1,K,11.049999999999999
03/24/2025 17:03:00,nikhil.kumar@example.com,92.9,Nikhil Kumar,1032233302,97,Absent,8,5,11,9,10,10,1,1,1,1,K,10.25
03/24/2025 17:03:00,anshika.sharma@example.com,98.23,Anshika Sharma,1032233972,86,Absent,7,4,11,7,10,10,1,1,1,1,E,9.649999999999999
03/24/2025 17:03:00,devansh.sharma@example.com,84.6,Devansh Sharma,1032233340,24,Absent,9,3,13,9,10,8,1,1,1,1,L,10.45
03/24/2025 17:03:00,tara.singh@example.com,71.42,Tara Singh,1032233604,77,Present,9,5,15,9,9,9,1,1,1,1,L,11.3
03/24/2025 17:03:00,aman.sharma@example.com,74.1,Aman Sharma,1032233180,36,Present,10,5,14,10,9,10,1,1,1,1,J,11.549999999999999
03/24/2025 17:03:00,tanish.patel@example.com,73.38,Tanish Patel,1032233244,33,Absent,10,3,10,7,9,10,1,1,1,1,E,9.7
03/24/2025 17:03:00,arnav.kumar@example.com,67.01,Arnav Kumar,1032233254,54,Present,7,3,12,7,9,8,1,1,1,1,K,9.299999999999999
03/24/2025 17:03:00,sneha.patel@example.com,76.58,Sneha Patel,1032233391,71,Absent,8,5,12,9,8,8,1,1,1,1,E,9.849999999999998
03/24/2025 17:03:00,kunal.verma@example.com,66.02,Kunal Verma,1032233502,57,Present,8,5,13,10,9,8,1,1,1,1,J,10.45
03/24/2025 17:03:00,arjun.reddy@example.com,82.99,Arjun Reddy,1032233869,95,Absent,10,4,11,10,10,10,1,1,1,1,L,10.7
03/24/2025 17:03:00,aman.verma@example.com,79.34,Aman Verma,1032233708,73,Absent,9,5,11,10,8,8,1,1,1,1,K,9.899999999999999
03/24/2025 17:03:00,anika.singh@example.com,96.05,Anika Singh,1032233315,8,Absent,9,5,11,7,9,10,1,1,1,1,J,10.0
03/24/2025 17:03:00,sai.singh@example.com,64.92,Sai Singh,1032233713,11,Present,10,4,14,8,7,8,1,1,1,1,L,10.45
03/24/2025 17:03:00,rohan.verma@example.com,78.72,Rohan Verma,1032233650,45,Absent,8,4,13,10,7,8,1,1,1,1,J,10.05
03/24/2025 17:03:00,vihaan.kumar@example.com,54.83,Vihaan Kumar,1032233476,35,Present,8,3,13,9,9,10,1,1,1,1,E,10.5
03/24/2025 17:03:00,pooja.kumar@example.com,84.93,Pooja Kumar,1032233690,19,Present,9,5,12,9,8,9,1,1,1,1,J,10.25
03/24/2025 17:03:00,anaya.verma@example.com,62.72,Anaya Verma,1032233727,100,Present,8,3,15,7,10,8,1,1,1,1,L,10.549999999999999
03/24/2025 17:03:00,soham.kumar@example.com,64.17,Soham Kumar,1032233589,9,Absent,8,4,15,7,8,9,1,1,1,1,E,10.55
03/24/2025 17:03:00,rakesh.singh@example.com,77.38,Rakesh Singh,1032233827,70,Absent,7,4,13,9,7,7,1,1,1,1,E,9.5
03/24/2025 17:03:00,riya.verma@example.com,90.76,Riya Verma,1032233604,34,Present,9,4,12,10,9,7,1,1,1,1,L,10.05
03/24/2025 17:03:00,sakshi.verma@example.com,62.69,Sakshi Verma,1032233644,53,Present,8,4,14,7,8,7,1,1,1,1,E,9.85
03/24/2025 17:03:00,pooja.patel@example.com,85.82,Pooja Patel,1032233207,89,Absent,9,3,12,9,10,7,1,1,1,1,E,9.95
03/24/2025 17:03:00,priya.sharma@example.com,56.49,Priya Sharma,1032233648,42,Present,9,5,12,9,8,7,1,1,1,1,J,9.85
03/24/2025 17:03:00,vivaan.singh@example.com,92.24,Vivaan Singh,1032233546,3,Present,10,3,13,9,9,9,1,1,1,1,J,10.7
03/24/2025 17:03:00,krishna.sharma@example.com,77.56,Krishna Sharma,1032233615,59,Present,8,5,11,8,9,10,1,1,1,1,J,9.95
03/24/2025 17:03:00,rahul.sharma@example.com,78.61,Rahul Sharma,1032233816,78,Absent,8,5,11,10,8,7,1,1,1,1,E,9.5
03/24/2025 17:03:00,aryan.sharma@example.com,76.74,Aryan Sharma,1032233365,55,Present,8,4,10,9,10,9,1,1,1,1,K,9.65
03/24/2025 17:03:00,yash.kumar@example.com,60.62,Yash Kumar,1032233218,27,Present,9,4,14,8,7,7,1,1,1,1,K,10.05
03/24/2025 17:03:00,sai.sharma@example.com,56.55,Sai Sharma,1032233134,59,Absent,9,4,10,9,9,9,1,1,1,1,J,9.7
03/24/2025 17:03:00,aryan.patel@example.com,76.44,Aryan Patel,1032233515,42,Absent,8,5,13,8,8,7,1,1,1,1,L,9.8
03/24/2025 17:03:00,lakshay.sharma@example.com,59.19,Lakshay Sharma,1032233292,96,Absent,7,3,15,9,8,7,1,1,1,1,J,10.15
03/24/2025 17:03:00,lakshay.kumar@example.com,66.46,Lakshay Kumar,1032233581,72,Absent,9,5,10,8,9,9,1,1,1,1,K,9.65
03/24/2025 17:03:00,gauri.sharma@example.com,51.84,Gauri Sharma,1032233283,32,Present,7,3,12,9,9,8,1,1,1,1,K,9.6
03/24/2025 17:03:00,arnav.sharma@example.com,63.42,Arnav Sharma,1032233636,54,Absent,9,4,10,7,7,8,1,1,1,1,L,8.9
03/24/2025 17:03:00,lakshay.verma@example.com,80.42,Lakshay Verma,1032233209,14,Absent,7,4,15,10,7,8,1,1,1,1,J,10.450000000000001
03/24/2025 17:03:00,nidhi.kumar@example.com,64.74,Nidhi Kumar,1032233406,9,Present,9,4,13,7,10,9,1,1,1,1,L,10.45
03/24/2025 17:03:00,aryan.patel@example.com,89.43,Aryan Patel,1032233881,50,Present,7,3,13,9,8,10,1,1,1,1,L,10.149999999999999
03/24/2025 17:03:00,devansh.reddy@example.com,94.69,Devansh Reddy,1032233555,4,Absent,10,5,14,7,9,10,1,1,1,1,K,11.1
03/24/2025 17:03:00,vihaan.verma@example.com,95.81,Vihaan Verma,1032233517,60,Absent,8,5,15,9,9,7,1,1,1,1,J,10.7
03/24/2025 17:03:00,devansh.kumar@example.com,55.85,Devansh Kumar,1032233263,22,Present,7,3,12,7,8,7,1,1,1,1,K,8.95
03/24/2025 17:03:00,sai.sharma@example.com,55.39,Sai Sharma,1032233352,15,Present,8,5,12,9,7,9,1,1,1,1,E,9.9
03/24/2025 17:03:00,vivaan.reddy@example.com,96.35,Vivaan Reddy,1032233288,20,Absent,9,5,10,8,9,8,1,1,1,1,L,9.45
03/24/2025 17:03:00,diya.verma@example.com,96.05,Diya Verma,1032233556,85,Absent,9,3,11,9,8,10,1,1,1,1,E,9.95
03/24/2025 17:03:00,gauri.reddy@example.com,54.64,Gauri Reddy,1032233980,52,Absent,9,4,13,8,10,9,1,1,1,1,L,10.600000000000001
03/24/2025 17:03:00,ishaan.reddy@example.com,65.57,Ishaan Reddy,1032233603,89,Absent,9,5,14,8,7,7,1,1,1,1,E,10.15
03/24/2025 17:03:00,arnav.reddy@example.com,53.62,Arnav Reddy,1032233325,43,Absent,10,4,11,8,8,10,1,1,1,1,E,10.1
03/24/2025 17:03:00,rohan.reddy@example.com,65.81,Rohan Reddy,1032233526,57,Present,9,3,15,10,10,8,1,1,1,1,L,11.2
03/24/2025 17:03:00,arjun.patel@example.com,57.35,Arjun Patel,1032233909,12,Present,7,3,11,10,9,7,1,1,1,1,K,9.25
03/24/2025 17:03:00,arnav.patel@example.com,69.04,Arnav Patel,1032233832,12,Absent,9,4,13,7,7,7,1,1,1,1,J,9.6
03/24/2025 17:03:00,arnav.verma@example.com,71.83,Arnav Verma,1032233615,51,Absent,8,5,15,10,7,9,1,1,1,1,L,10.950000000000001
03/24/2025 17:03:00,vihaan.verma@example.com,59.38,Vihaan Verma,1032233645,77,Absent,9,5,14,9,10,10,1,1,1,1,K,11.35
03/24/2025 17:03:00,anaya.kumar@example.com,86.09,Anaya Kumar,1032233701,8,Present,7,3,13,8,10,10,1,1,1,1,K,10.3
03/24/2025 17:03:00,aarav.reddy@example.com,65.8,Aarav Reddy,1032233402,44,Present,10,4,11,10,10,7,1,1,1,1,L,10.1
03/24/2025 17:03:00,aarav.verma@example.com,60.42,Aarav Verma,1032233725,43,Present,7,3,12,10,8,10,1,1,1,1,L,10.0
03/24/2025 17:03:00,raj.verma@example.com,51.01,Raj Verma,1032233646,38,Absent,10,3,10,9,10,8,1,1,1,1,E,9.749999999999998
03/24/2025 17:03:00,rohan.singh@example.com,67.79,Rohan Singh,1032233432,38,Present,9,3,10,10,10,7,1,1,1,1,E,9.5
03/24/2025 17:03:00,neha.singh@example.com,63.38,Neha Singh,1032233110,73,Present,7,3,14,9,8,9,1,1,1,1,J,10.25
03/24/2025 17:03:00,krishna.singh@example.com,70.43,Krishna Singh,1032233949,69,Present,9,4,10,10,10,10,1,1,1,1,L,10.2
03/24/2025 17:03:00,aryan.sharma@example.com,50.58,Aryan Sharma,1032233508,65,Absent,8,4,14,7,9,10,1,1,1,1,J,10.6
03/24/2025 17:03:00,raj.reddy@example.com,76.83,Raj Reddy,1032233263,93,Present,7,5,14,10,9,9,1,1,1,1,J,10.750000000000002
03/24/2025 17:03:00,arjun.reddy@example.com,53.27,Arjun Reddy,1032233293,81,Absent,7,3,12,8,8,7,1,1,1,1,L,9.1
03/24/2025 17:03:00,vikram.reddy@example.com,86.94,Vikram Reddy,1032233316,25,Present,10,5,10,8,7,8,1,1,1,1,E,9.35
03/24/2025 17:03:00,aman.patel@example.com,55.57,Aman Patel,1032233835,93,Present,8,3,11,10,9,9,1,1,1,1,L,9.850000000000001
03/24/2025 17:03:00,anika.reddy@example.com,99.77,Anika Reddy,1032233820,34,Absent,9,4,12,7,7,7,1,1,1,1,L,9.299999999999999
03/24/2025 17:03:00,soham.verma@example.com,61.34,Soham Verma,1032233744,31,Absent,8,5,14,9,7,7,1,1,1,1,L,10.100000000000001
03/24/2025 17:03:00,gauri.verma@example.com,57.18,Gauri Verma,1032233200,1,Absent,7,4,14,9,10,7,1,1,1,1,L,10.25
03/24/2025 17:03:00,tanish.verma@example.com,83.7,Tanish Verma,1032233689,59,Absent,7,4,10,9,10,10,1,1,1,1,L,9.65
03/24/2025 17:03:00,aman.sharma@example.com,95.06,Aman Sharma,1032233330,10,Absent,7,3,15,7,10,7,1,1,1,1,J,10.15
03/24/2025 17:03:00,raj.sharma@example.com,73.28,Raj Sharma,1032233184,53,Present,10,4,13,8,7,10,1,1,1,1,E,10.55
03/24/2025 17:03:00,nidhi.verma@example.com,55.27,Nidhi Verma,1032233348,31,Present,10,3,14,7,10,7,1,1,1,1,E,10.450000000000001
03/24/2025 17:03:00,nikhil.patel@example.com,86.04,Nikhil Patel,1032233152,92,Absent,10,5,10,7,10,9,1,1,1,1,L,9.850000000000001
03/24/2025 17:03:00,anika.kumar@example.com,53.99,Anika Kumar,1032233448,84,Present,7,5,12,7,8,9,1,1,1,1,J,9.55
03/24/2025 17:03:00,soham.reddy@example.com,59.35,Soham Reddy,1032233601,22,Absent,9,4,10,7,8,10,1,1,1,1,K,9.45
03/24/2025 17:03:00,aman.reddy@example.com,92.5,Aman Reddy,1032233679,45,Present,10,5,13,10,8,9,1,1,1,1,E,10.9
03/24/2025 17:03:00,nidhi.kumar@example.com,73.88,Nidhi Kumar,1032233114,10,Present,9,3,15,9,7,9,1,1,1,1,K,10.8
03/24/2025 17:03:00,rahul.sharma@example.com,73.42,Rahul Sharma,1032233295,12,Absent,9,5,13,7,8,8,1,1,1,1,K,10.049999999999999
03/24/2025 17:03:00,sneha.verma@example.com,95.1,Sneha Verma,1032233326,42,Absent,8,3,12,9,10,8,1,1,1,1,J,9.95
03/24/2025 17:03:00,aarav.verma@example.com,98.92,Aarav Verma,1032233911,18,Absent,8,3,11,7,10,9,1,1,1,1,J,9.55
03/24/2025 17:03:00,anika.reddy@example.com,68.31,Anika Reddy,1032233449,31,Present,9,3,13,8,8,10,1,1,1,1,E,10.4
03/24/2025 17:03:00,siddharth.sharma@example.com,89.63,Siddharth Sharma,1032233631,9,Present,10,4,10,7,9,8,1,1,1,1,J,9.4
03/24/2025 17:03:00,sneha.verma@example.com,88.37,Sneha Verma,1032233634,69,Absent,7,4,11,9,8,8,1,1,1,1,E,9.25
03/24/2025 17:03:00,priya.patel@example.com,92.42,Priya Patel,1032233538,66,Present,7,3,12,10,8,8,1,1,1,1,J,9.6
03/24/2025 17:03:00,soham.kumar@example.com,56.17,Soham Kumar,1032233492,92,Present,8,3,12,8,8,8,1,1,1,1,E,9.5
03/24/2025 17:03:00,nikhil.patel@example.com,66.1,Nikhil Patel,1032233950,36,Absent,7,5,11,10,10,9,1,1,1,1,J,10.0
03/24/2025 17:03:00,diya.kumar@example.com,65.21,Diya Kumar,1032233966,66,Present,9,4,15,8,7,9,1,1,1,1,L,10.750000000000002
03/24/2025 17:03:00,krishna.verma@example.com,70.38,Krishna Verma,1032233883,75,Present,8,4,11,8,10,10,1,1,1,1,K,10.0
03/24/2025 17:03:00,anaya.patel@example.com,56.31,Anaya Patel,1032233493,3,Present,9,4,14,7,10,8,1,1,1,1,E,10.549999999999999
03/24/2025 17:03:00,nidhi.verma@example.com,98.7,Nidhi Verma,1032233172,49,Present,9,3,12,8,8,7,1,1,1,1,K,9.5
03/24/2025 17:03:00,vikram.kumar@example.com,70.65,Vikram Kumar,1032233197,91,Absent,7,4,13,9,7,7,1,1,1,1,K,9.5
03/24/2025 17:03:00,rohan.patel@example.com,50.57,Rohan Patel,1032233950,19,Absent,7,3,14,7,10,8,1,1,1,1,K,10.049999999999999
03/24/2025 17:03:00,aryan.sharma@example.com,84.24,Aryan Sharma,1032233574,15,Absent,9,4,10,7,8,10,1,1,1,1,E,9.45
03/24/2025 17:03:00,riya.verma@example.com,76.22,Riya Verma,1032233303,35,Present,8,3,15,7,8,7,1,1,1,1,L,10.05
03/24/2025 17:03:00,vihaan.reddy@example.com,61.33,Vihaan Reddy,1032233642,65,Present,9,3,12,7,10,7,1,1,1,1,L,9.65
03/24/2025 17:03:00,aadhya.singh@example.com,81.27,Aadhya Singh,1032233591,41,Present,8,4,12,8,10,7,1,1,1,1,J,9.700000000000001
03/24/2025 17:03:00,arnav.reddy@example.com,91.65,Arnav Reddy,1032233570,51,Absent,8,4,12,10,8,8,1,1,1,1,K,9.899999999999999
03/24/2025 17:03:00,aryan.patel@example.com,65.6,Aryan Patel,1032233926,87,Present,10,3,13,8,7,8,1,1,1,1,K,10.049999999999999
03/24/2025 17:03:00,diya.kumar@example.com,69.21,Diya Kumar,1032233609,47,Present,8,3,10,10,10,7,1,1,1,1,J,9.3
03/24/2025 17:03:00,nikhil.sharma@example.com,96.27,Nikhil Sharma,1032233912,11,Present,10,4,15,8,8,9,1,1,1,1,J,11.1
03/24/2025 17:03:00,kunal.sharma@example.com,62.64,Kunal Sharma,1032233873,28,Present,9,5,15,9,10,8,1,1,1,1,J,11.25
03/24/2025 17:03:00,rohan.kumar@example.com,80.72,Rohan Kumar,1032233471,66,Present,8,3,13,10,9,8,1,1,1,1,K,10.25
03/24/2025 17:03:00,pooja.sharma@example.com,58.22,Pooja Sharma,1032233612,90,Absent,10,3,12,10,9,10,1,1,1,1,K,10.75
03/24/2025 17:03:00,arnav.sharma@example.com,69.06,Arnav Sharma,1032233346,96,Absent,10,4,14,7,7,8,1,1,1,1,J,10.299999999999999
03/24/2025 17:03:00,raj.verma@example.com,97.62,Raj Verma,1032233532,53,Present,9,3,15,10,7,10,1,1,1,1,L,11.15
03/24/2025 17:03:00,ishaan.singh@example.com,85.86,Ishaan Singh,1032233212,37,Absent,9,4,11,10,8,9,1,1,1,1,K,10.0
03/24/2025 17:03:00,rahul.verma@example.com,80.12,Rahul Verma,1032233808,30,Absent,10,3,14,8,9,8,1,1,1,1,K,10.65
03/24/2025 17:03:00,aditya.verma@example.com,92.56,Aditya Verma,1032233966,91,Absent,10,4,12,8,7,9,1,1,1,1,J,10.05
03/24/2025 17:03:00,anshika.kumar@example.com,76.37,Anshika Kumar,1032233619,82,Present,8,3,11,7,8,7,1,1,1,1,K,8.85
03/24/2025 17:03:00,kabir.sharma@example.com,74.18,Kabir Sharma,1032233235,1,Absent,10,3,13,9,9,9,1,1,1,1,J,10.7
03/24/2025 17:03:00,lakshay.kumar@example.com,71.45,Lakshay Kumar,1032233664,31,Absent,7,5,10,8,7,7,1,1,1,1,L,8.55
03/24/2025 17:03:00,sneha.verma@example.com,67.33,Sneha Verma,1032233990,77,Absent,7,3,11,10,9,8,1,1,1,1,E,9.45
03/24/2025 17:03:00,anaya.patel@example.com,59.63,Anaya Patel,1032233208,97,Present,10,3,14,9,9,10,1,1,1,1,E,11.2
03/24/2025 17:03:00,siddharth.kumar@example.com,92.28,Siddharth Kumar,1032233979,91,Present,10,4,12,7,10,7,1,1,1,1,J,9.950000000000001
03/24/2025 17:03:00,pooja.kumar@example.com,52.93,Pooja Kumar,1032233133,77,Present,8,3,11,9,7,9,1,1,1,1,L,9.4
03/24/2025 17:03:00,nidhi.kumar@example.com,98.71,Nidhi Kumar,1032233702,59,Present,9,3,14,7,9,10,1,1,1,1,K,10.700000000000001
03/24/2025 17:03:00,tara.reddy@example.com,81.58,Tara Reddy,1032233302,27,Present,10,4,15,8,8,8,1,1,1,1,L,10.899999999999999
03/24/2025 17:03:00,anaya.verma@example.com,92.97,Anaya Verma,1032233426,14,Present,8,3,15,7,9,10,1,1,1,1,L,10.8
03/24/2025 17:03:00,rahul.kumar@example.com,88.29,Rahul Kumar,1032233342,1,Present,7,3,13,7,10,8,1,1,1,1,J,9.749999999999998
03/24/2025 17:03:00,gauri.reddy@example.com,63.0,Gauri Reddy,1032233280,58,Present,9,4,10,7,10,8,1,1,1,1,K,9.35
03/24/2025 17:03:00,riya.kumar@example.com,90.89,Riya Kumar,1032233853,64,Present,8,3,13,9,8,9,1,1,1,1,L,10.15
